Timestamp,Soil_Moisture,Temperature_C,Humidity
2026-09-30 20:58:55,0.2,25.6,89.1
2026-09-30 20:58:57,0.2,25.7,89.6
2026-09-30 20:58:59,0.5,25.7,89.6
2026-09-30 20:59:01,0.2,25.7,89.3
2026-09-30 20:59:03,0.2,25.7,89.3
2026-09-30 20:59:05,0.0,25.7,89.3
2026-09-30 20:59:07,0.0,25.7,89.3
2026-09-30 20:59:09,0.5,25.7,89.3
2026-09-30 20:59:11,0.2,25.7,89.3
2026-09-30 20:59:13,0.0,25.8,89.2
2026-09-30 20:59:15,0.3,25.7,89.3
2026-09-30 20:59:17,0.0,25.8,89.2
2026-09-30 20:59:19,0.2,25.8,89.2
2026-09-30 20:59:21,0.2,25.8,89.2
2026-09-30 20:59:23,0.0,25.8,89.2
2026-09-30 20:59:25,0.0,25.8,89.2
2026-09-30 20:59:27,0.6,25.8,89.2
2026-09-30 20:59:29,0.0,25.8,89.2
2026-09-30 20:59:31,0.2,25.8,89.2
2026-09-30 20:59:33,0.0,25.8,89.2
2026-09-30 20:59:35,0.0,25.8,89.2
2026-09-30 20:59:37,0.2,25.8,89.2
2026-09-30 20:59:39,0.2,25.8,89.2
2026-09-30 20:59:41,0.2,25.8,89.2
2026-09-30 20:59:43,0.0,25.7,89.3
2026-09-30 20:59:45,0.2,25.8,89.2
2026-09-30 20:59:47,0.2,25.8,89.2
2026-09-30 20:59:49,0.3,25.8,89.2
2026-09-30 20:59:51,0.2,25.7,89.3
2026-09-30 20:59:53,0.2,25.8,89.2
2026-09-30 20:59:55,0.0,25.7,89.3
2026-09-30 20:59:57,0.2,25.7,89.3
2026-09-30 20:59:59,0.0,25.8,89.2
2026-09-30 21:00:02,0.0,25.8,89.2
2026-09-30 21:00:04,0.2,25.7,89.3
2026-09-30 21:00:06,0.2,25.7,89.3
2026-09-30 21:00:08,0.2,25.8,89.2
2026-09-30 21:00:10,0.0,25.8,89.5
2026-09-30 21:00:12,0.0,25.8,89.5
2026-09-30 21:00:14,0.2,25.7,89.6
2026-09-30 21:00:16,0.2,25.8,89.5
2026-09-30 21:00:18,0.2,25.7,89.6
2026-09-30 21:00:20,0.0,25.8,89.5
2026-09-30 21:00:22,0.2,25.7,89.8
2026-09-30 21:00:24,0.0,25.7,89.8
2026-09-30 21:00:26,0.2,25.8,89.7
2026-09-30 21:00:28,0.0,25.7,89.8
2026-09-30 21:00:30,0.0,25.8,89.7
2026-09-30 21:00:32,0.0,25.7,89.8
2026-09-30 21:00:34,0.0,25.7,89.8
2026-09-30 21:00:36,0.0,25.7,90.1
2026-09-30 21:00:38,0.0,25.7,90.1
2026-09-30 21:00:40,0.0,25.7,90.1
2026-09-30 21:00:42,0.0,25.7,90.1
2026-09-30 21:00:44,0.0,25.7,90.1
2026-09-30 21:00:46,0.0,25.7,90.1
2026-09-30 21:00:48,0.0,25.7,90.1
2026-09-30 21:00:50,0.0,25.7,90.1
2026-09-30 21:00:52,0.0,25.7,90.1
2026-09-30 21:00:54,0.2,25.7,90.1
2026-09-30 21:00:56,0.0,25.7,90.1
2026-09-30 21:00:58,0.2,25.7,90.1
2026-09-30 21:01:00,0.0,25.7,90.1
2026-09-30 21:01:02,0.0,25.7,90.1
2026-09-30 21:01:04,0.2,25.7,90.1
2026-09-30 21:01:06,0.0,25.7,89.8
2026-09-30 21:01:08,0.0,25.7,89.8
2026-09-30 21:01:10,0.0,25.7,89.8
2026-09-30 21:01:12,0.0,25.7,89.8
2026-09-30 21:01:14,0.0,25.7,89.8
2026-09-30 21:01:16,0.0,25.7,89.8
2026-09-30 21:01:18,0.0,25.7,89.8
2026-09-30 21:01:21,0.2,25.7,89.8
2026-09-30 21:01:23,0.0,25.7,89.8
2026-09-30 21:01:25,0.0,25.7,89.8
2026-09-30 21:01:27,0.0,25.7,89.8
2026-09-30 21:01:29,0.0,25.7,89.8
2026-09-30 21:01:31,0.0,25.7,89.8
2026-09-30 21:01:33,0.0,25.7,89.8
2026-09-30 21:01:35,0.2,25.7,89.8
2026-09-30 21:01:37,0.0,25.7,89.8
2026-09-30 21:01:39,0.0,25.7,89.8
2026-09-30 21:01:41,0.2,25.7,89.8
2026-09-30 21:01:43,0.0,25.7,89.8
2026-09-30 21:01:45,0.0,25.7,89.8
2026-09-30 21:01:47,0.0,25.7,89.8
2026-09-30 21:01:49,0.2,25.7,89.8
2026-09-30 21:01:51,0.0,25.7,89.8
2026-09-30 21:01:53,0.0,25.7,89.8
2026-09-30 21:01:55,0.2,25.8,89.7
2026-09-30 21:01:57,0.2,25.8,89.7
2026-09-30 21:01:59,0.0,25.7,89.8
2026-09-30 21:02:01,0.0,25.7,89.8
2026-09-30 21:02:03,0.0,25.8,89.7
2026-09-30 21:02:05,0.3,25.8,89.7
2026-09-30 21:02:07,0.0,25.8,90.0
2026-09-30 21:02:09,0.0,25.7,89.8
2026-09-30 21:02:11,0.0,25.7,89.8
2026-09-30 21:02:13,0.0,25.7,89.8
2026-09-30 21:02:15,0.0,25.7,89.8
2026-09-30 21:02:17,0.0,25.7,89.8
2026-09-30 21:02:19,100.0,25.7,89.8
2026-09-30 21:02:21,96.9,25.7,89.8
2026-09-30 21:02:23,29.5,25.7,89.8
2026-09-30 21:02:25,0.3,25.8,89.7
2026-09-30 21:02:27,1.1,25.8,89.7
2026-09-30 21:02:29,0.2,25.8,89.7
2026-09-30 21:02:31,0.3,25.8,89.7
2026-09-30 21:02:33,0.3,25.8,89.7
2026-09-30 21:02:35,0.3,25.8,89.7
2026-09-30 21:02:38,2.3,25.8,89.7
2026-09-30 21:02:40,1.5,25.8,89.7
2026-09-30 21:02:42,1.0,25.8,89.7
2026-09-30 21:02:44,0.0,25.8,89.7
2026-09-30 21:02:46,0.5,25.8,89.7
2026-09-30 21:02:48,1.9,25.8,89.5
2026-09-30 21:02:50,46.3,25.8,89.5
2026-09-30 21:02:52,73.7,25.8,89.5
2026-09-30 21:02:54,0.5,25.8,89.5
2026-09-30 21:02:56,1.6,25.8,89.5
2026-09-30 21:02:58,0.6,25.8,89.5
2026-09-30 21:03:00,0.6,25.8,89.5
2026-09-30 21:03:02,11.8,25.8,89.5
2026-09-30 21:03:04,42.3,25.8,89.5
2026-09-30 21:03:06,0.2,25.8,89.5
2026-09-30 21:03:08,0.0,25.8,89.5
2026-09-30 21:03:10,0.3,25.8,89.5
2026-09-30 21:03:12,0.3,25.8,89.5
2026-09-30 21:03:14,0.0,25.8,89.5
2026-09-30 21:03:16,0.2,25.8,89.5
2026-09-30 21:03:18,0.0,25.8,89.7
2026-09-30 21:03:20,0.2,25.8,89.7
2026-09-30 21:03:22,0.2,25.8,89.5
2026-09-30 21:03:24,0.0,25.8,89.5
2026-09-30 21:03:26,0.2,25.8,89.5
2026-10-01 19:28:28,0.0,28.0,80.7
2026-10-01 19:28:30,70.0,28.0,80.8
2026-10-01 19:28:32,9.0,28.0,80.7
2026-10-01 19:28:34,33.4,28.0,80.7
2026-10-01 19:28:36,77.1,28.0,80.7
2026-10-01 19:28:38,32.7,28.0,80.6
2026-10-01 19:28:40,29.2,28.0,80.6
2026-10-01 19:28:42,0.2,28.0,80.6
2026-10-01 19:28:44,10.3,28.0,80.6
2026-10-01 19:28:46,3.5,28.0,80.6
2026-10-01 19:28:48,31.9,28.0,80.6
2026-10-01 19:28:50,40.3,28.0,80.5
2026-10-01 19:28:52,11.0,28.0,80.6
2026-10-01 19:28:54,0.0,28.0,80.5
2026-10-01 19:28:57,0.0,28.0,80.5
2026-10-01 19:28:59,13.4,28.0,80.5
2026-10-01 19:29:01,11.3,28.0,80.5
2026-10-01 19:29:03,0.0,28.0,80.5
2026-10-01 19:29:05,0.0,28.0,80.5
2026-10-01 19:29:07,0.0,28.0,80.5
2026-10-01 19:29:09,68.1,28.0,80.5
2026-10-01 19:29:11,0.0,28.0,80.5
2026-10-01 19:29:13,0.0,28.0,80.5
2026-10-02 11:21:02,0.0,26.4,83.0
2026-10-02 11:21:04,0.0,26.4,83.2
